{
    "loss": 13.559175491333008,
    "accuracy": 0.5035971403121948
}